<?xml version="1.0" encoding="UTF-8"?>
<metadata xml:lang="en"><Esri><CreaDate>20240223</CreaDate><CreaTime>07064100</CreaTime><ArcGISFormat>1.0</ArcGISFormat><ArcGISstyle>ISO 19139 Metadata Implementation Specification</ArcGISstyle><SyncOnce>TRUE</SyncOnce><DataProperties><lineage><Process ToolSource="c:\program files (x86)\arcgis\desktop10.8\ArcToolbox\Toolboxes\Data Management Tools.tbx\DeleteField" Date="20240118" Time="152214">DeleteField MANGROVE_AR_25K_ADMKAB_FGSKWS OBJECTID;FID_MANGRO;FID_KH_Dit;objectid_1;shape_Leng;Shape_Le_1;Shape_Area;FID_;Join_Count;TARGET_FID;FID_MANG_1;BPDAS_1;KTTJ_1;SMBDT_1;THNBUAT_1;INTS_1;REMARK_12;LSMGR_1;WADMKC_1;WADMKD_1;WADMKK_1;WADMPR_1;ID_JOIN_1;FID_KH_D_1;objectid_2;fcode_1;metadata_1;srs_id_1;namobj_1;remark__13;no_reg_1;kode_pro_1;fungsikw_1;noskkws_1;tglskkws_1;lskkws_1;luas_cek_1;shape_Le_2;Kawasan_1;KWS_1;Shape_Le_3;Shape_Ar_1;objectid_3;fcode_12;metadata_2;srs_id_12;namobj_12;remark__14;no_reg_12;kode_pro_2;fungsikw_2;noskkws_12;tglskkws_2;lskkws_12;luas_cek_2;shape_Le_4;shape_Ar_2;Kawasan_12;KWS_12</Process></lineage></DataProperties></Esri></metadata>
